<?xml version="1.0" encoding="UTF-8"?>
<project-private xmlns="http://www.netbeans.org/ns/project-private/1">
    <editor-bookmarks xmlns="http://www.netbeans.org/ns/editor-bookmarks/2" lastBookmarkId="0"/>
    <open-files xmlns="http://www.netbeans.org/ns/projectui-open-files/2">
        <group>
            <file>file:/C:/Users/akib4/OneDrive/Desktop/Employee_Management/EmployeeManagement/src/employeemanagement/Home.java</file>
            <file>file:/C:/Users/akib4/OneDrive/Desktop/Employee_Management/EmployeeManagement/src/employeemanagement/Splash.java</file>
            <file>file:/C:/Users/akib4/OneDrive/Desktop/Employee_Management/EmployeeManagement/src/employeemanagement/AddEmployee.java</file>
            <file>file:/C:/Users/akib4/OneDrive/Desktop/Employee_Management/EmployeeManagement/src/employeemanagement/UpdateEmployee.java</file>
            <file>file:/C:/Users/akib4/OneDrive/Desktop/Employee_Management/EmployeeManagement/src/employeemanagement/ViewEmployee.java</file>
            <file>file:/C:/Users/akib4/OneDrive/Desktop/Employee_Management/EmployeeManagement/src/employeemanagement/Login.java</file>
            <file>file:/C:/Users/akib4/OneDrive/Desktop/Employee_Management/EmployeeManagement/src/employeemanagement/RemoveEmployee.java</file>
        </group>
    </open-files>
</project-private>
